	PR-AUC-macro	ROC-AUC-macro	F-score-macro	precision-macro	recall-macro	PR-AUC-micro	ROC-AUC-micro	F-score-micro	precision-micro	recall-micro
submission1	0.118306	0.732416	0.151891	0.135673	0.306015	0.150605	0.784128	0.152349	0.098133	0.340428
submission2	0.125896	0.752886	0.182957	0.145545	0.391640	0.151706	0.797624	0.164375	0.101350	0.434691
