	PR-AUC-macro	ROC-AUC-macro	F-score-macro	precision-macro	recall-macro	PR-AUC-micro	ROC-AUC-micro	F-score-micro	precision-micro	recall-micro
all	0.117466	0.742474	0.175019	0.144178	0.377937	0.130642	0.783700	0.153520	0.093847	0.421602
crnn	0.099903	0.706619	0.154044	0.129976	0.324591	0.108971	0.750611	0.149403	0.092015	0.397012
ds-1s	0.097250	0.714664	0.155207	0.123003	0.342340	0.111449	0.770016	0.150942	0.093186	0.397012
ds-5s	0.098092	0.716297	0.157219	0.127849	0.332327	0.116025	0.769734	0.152561	0.094899	0.388815
ds-all	0.103896	0.726050	0.162220	0.134094	0.352494	0.119108	0.775801	0.154919	0.095670	0.406928
