	PR-AUC-macro	ROC-AUC-macro	F-score-macro	precision-macro	recall-macro	PR-AUC-micro	ROC-AUC-micro	F-score-micro	precision-micro	recall-micro
popular	0.031924	0.500000	0.002642	0.001427	0.017857	0.034067	0.513856	0.057312	0.079887	0.044685
vggish	0.107734	0.725821	0.165694	0.138216	0.308650	0.140913	0.775029	0.177133	0.116097	0.373480
