	PR-AUC-macro	ROC-AUC-macro	F-score-macro	precision-macro	recall-macro	PR-AUC-micro	ROC-AUC-micro	F-score-micro	precision-micro	recall-micro
1_shakefaresnet	0.148037	0.771685	0.208304	0.173265	0.411417	0.177298	0.814717	0.190371	0.119496	0.467874
2_faresnet	0.146333	0.757460	0.203541	0.173915	0.367692	0.168327	0.802426	0.185605	0.118120	0.432972
3_avg_ensemble	0.154609	0.772913	0.212419	0.190088	0.400924	0.177850	0.815949	0.189553	0.119190	0.462718
4_crnn	0.117181	0.738059	0.173994	0.141352	0.350112	0.145340	0.788761	0.164905	0.102799	0.416579
5_resnet34	0.102063	0.716824	0.157927	0.127419	0.375276	0.118358	0.770417	0.141515	0.085169	0.418165
