	PR-AUC-macro	ROC-AUC-macro	F-score-macro	precision-macro	recall-macro	PR-AUC-micro	ROC-AUC-micro	F-score-micro	precision-micro	recall-micro
h01	0.033271	0.489148	0.037114	0.022906	0.411852	0.037396	0.549352	0.068349	0.036795	0.479905
h02	0.033215	0.493727	0.006186	0.004721	0.121737	0.028148	0.470795	0.031369	0.019844	0.074828
h03	0.034190	0.501415	0.027733	0.017630	0.389209	0.033155	0.525493	0.060564	0.032752	0.401507
