	PR-AUC-macro	ROC-AUC-macro	F-score-macro	precision-macro	recall-macro	PR-AUC-micro	ROC-AUC-micro	F-score-micro	precision-micro	recall-micro
run_1_vqvae+gru	0.098424	0.710325	0.118294	0.089805	0.360590	0.113265	0.761646	0.143879	0.084658	0.478847
run_2_vqvae+cnn	0.099407	0.714680	0.101266	0.080929	0.319114	0.115963	0.764125	0.123313	0.075021	0.346113
run_3_fixed_vqvae+gru	0.103717	0.714068	0.090136	0.066307	0.325505	0.124468	0.768730	0.118401	0.070259	0.376124
run_4_fixed_vqvae+cnn	0.107682	0.720728	0.106830	0.079105	0.309367	0.122313	0.769252	0.152157	0.091920	0.441433
run_5_one_hot_gru	0.086020	0.691638	0.088374	0.063746	0.363041	0.105585	0.750590	0.120869	0.069062	0.483739
