	PR-AUC-macro	ROC-AUC-macro	F-score-macro	precision-macro	recall-macro	PR-AUC-micro	ROC-AUC-micro	F-score-micro	precision-micro	recall-micro
run_1	0.079503	0.699827	0.105663	0.060806	0.674412	0.102921	0.758694	0.103483	0.055992	0.681650
run_2	0.110331	0.718616	0.114185	0.066914	0.686569	0.137839	0.757217	0.103702	0.056172	0.674114
run_3	0.110326	0.723038	0.111407	0.064750	0.706260	0.117635	0.762722	0.107614	0.058302	0.697911
run_4	0.089701	0.685237	0.101493	0.059276	0.639675	0.105328	0.737998	0.094619	0.051230	0.618191
run_5	0.089121	0.683924	0.101683	0.060113	0.613251	0.103230	0.741256	0.099332	0.053984	0.620968
